City_ID,City,Country,Max Temp,Current Description,Lat,Lng,Hotel Name
0,Thompson,CA,84.85,scattered clouds,55.7435,-97.8558,Burntwood Hotel
1,Corn Island,NI,82.26,overcast clouds,12.1694,-83.0418,Big Fish Guest House
2,Ishigaki,JP,84.33,scattered clouds,24.3448,124.1572,Hotel Peace Land Ishigakijima
4,Corvallis,US,88.29,clear sky,44.5646,-123.262,Hilton Garden Inn Corvallis
9,Slave Lake,CA,77.77,light rain,55.2834,-114.769,Super 8 by Wyndham Slave Lake AB
10,Albany,US,79.75,few clouds,42.6001,-73.9662,
22,Kudahuvadhoo,MV,81.55,broken clouds,2.6708,72.8944,Niyama Private Islands Maldives
24,Port Moresby,PG,78.22,haze,-9.4431,147.1797,Lamana Hotel (Port Moresby)
28,Abu Samrah,SY,76.32,clear sky,35.3029,37.1841,
30,Kapaa,US,84.18,moderate rain,22.0752,-159.319,Sheraton Kauai Coconut Beach Resort
32,Nabire,ID,76.93,light rain,-3.3667,135.4833,Hotel Nusantara Nabire
33,Vanimo,PG,81.1,overcast clouds,-2.6741,141.3028,Vahmoneh Lodge Vanimo
34,Hilo,US,82.8,clear sky,19.7297,-155.09,Hilo Hawaiian Hotel
39,Vostok,RU,76.55,overcast clouds,46.4856,135.8833,
40,Ambunti,PG,79.57,overcast clouds,-4.2365,142.8448,Ambunti Lodge
43,Merauke,ID,79.68,overcast clouds,-8.4667,140.3333,
44,Monrovia,LR,77.11,light rain,6.3005,-10.7969,Sunset Inn
53,Maumere,ID,78.01,broken clouds,-8.6199,122.2111,Sylvia Hotel
56,Yellowknife,CA,78.3,overcast clouds,62.456,-114.3525,The Explorer Hotel
57,Fortuna,US,89.19,broken clouds,40.5982,-124.1573,Super 8 by Wyndham Fortuna
58,Xixiang,CN,80.26,few clouds,35.1628,112.865,Sanmao Hotel Hotel
64,Bardiyah,LY,78.24,clear sky,31.7561,25.0865,ÿ®Ÿàÿ±ÿ™Ÿà ÿ®ÿ±ÿØŸäÿ©
68,Puerto Maldonado,PE,80.24,overcast clouds,-12.6,-69.1833,Wasai Hotel
70,San Andres,CO,86.02,broken clouds,12.5847,-81.7006,Hotel Arena Blanca
71,Fare,PF,79.68,scattered clouds,-16.7,-151.0167,Maitai Lapita Village Huahine
75,Sao Miguel Do Tapuio,BR,79.34,clear sky,-5.5036,-41.3233,Hotel Tropical
78,Atuona,PF,78.28,few clouds,-9.8,-139.0333,Villa Enata
82,Butaritari,KI,83.48,moderate rain,3.0707,172.7902,Isles Sunset Lodge
85,Wewak,PG,80.47,overcast clouds,-3.5534,143.6268,In Wewak Boutique Hotel
92,Hithadhoo,MV,82.13,overcast clouds,-0.6,73.0833,Scoop Guest House
98,Flin Flon,CA,81.93,broken clouds,54.7682,-101.865,Victoria Inn Flin Flon
102,Jamestown,US,78.12,clear sky,42.097,-79.2353,Hampton Inn & Suites Jamestown
104,Fort Nelson,CA,79.74,broken clouds,58.8053,-122.7002,The Fort Nelson Hotel
107,Faanui,PF,79.65,broken clouds,-16.4833,-151.75,Bora-Bora Pearl Beach Resort & Spa
108,Banda Aceh,ID,77.68,overcast clouds,5.5577,95.3222,Sulthan Hotel International
110,Port Lavaca,US,87.78,clear sky,28.615,-96.6261,Holiday Inn Express & Suites Port Lavaca
112,Victoria,HK,84.38,few clouds,22.2855,114.1577,Mini Hotel Central
118,Puerto Ayora,EC,78.76,broken clouds,-0.7393,-90.3518,Finch Bay Galapagos Hotel
125,Nishihara,JP,83.48,broken clouds,26.1842,127.7558,Minshuku Agaihama
126,Teknaf,BD,79.21,broken clouds,20.8624,92.3058,Forestry Guesthouse
128,Kieta,PG,85.08,scattered clouds,-6.2167,155.6333,Uruna Bay Retreat
129,Kumburgaz,TR,77.58,clear sky,41.0211,28.4772,Blue World Hotel
130,Tulum,MX,86.99,overcast clouds,20.2167,-87.4667,Kin Ha Tulum
131,Cayenne,GF,81.09,broken clouds,4.9333,-52.3333,H√¥tel Le Dronmi
136,Salalah,OM,80.69,broken clouds,17.0151,54.0924,HAMDAN PLAZA HOTEL SALALAH
138,Massakory,TD,84.83,light rain,12.996,15.7293,
145,Sao Filipe,CV,75.0,broken clouds,14.8961,-24.4956,Hotel Xaguate
153,Road Town,VG,82.44,scattered clouds,18.4167,-64.6167,"ZINGARA 76ft Catamaran, full crew-all included"
157,Eyl,SO,78.55,broken clouds,7.9803,49.8164,Amiin Hotel
160,Mukhen,RU,81.93,overcast clouds,48.1,136.1,
161,Portland,US,87.89,smoke,45.5234,-122.6762,Embassy Suites by Hilton Portland Downtown
162,Santa Rosalia,MX,86.65,scattered clouds,27.3167,-112.2833,Hotel Las Casitas Santa Rosalia
168,Bathsheba,BB,81.21,scattered clouds,13.2167,-59.5167,Atlantis Hotel
175,Georgetown,MY,80.89,scattered clouds,5.4112,100.3354,Cititel Penang
177,Nantucket,US,79.25,fog,41.2835,-70.0995,Jared Coffin House
182,Lazaro Cardenas,MX,85.14,broken clouds,17.9583,-102.2,quinta antigua
183,Alofi,NU,82.29,broken clouds,-19.0595,-169.9187,Taloa Heights
184,Trinidad,BO,85.98,few clouds,-14.8333,-64.9,Hotel Piesta
193,Avarua,CK,80.65,scattered clouds,-21.2078,-159.775,Paradise Inn
194,San Cristobal,VE,82.58,scattered clouds,7.7669,-72.225,Posada Villaven C.A.
195,Iranshahr,IR,88.72,overcast clouds,27.2025,60.6848,ŸæŸÑ⁄©Ÿá ÿ®ÿ≤ÿ±⁄Ø
200,La Asuncion,VE,85.73,broken clouds,11.0333,-63.8628,Colinas de Matasiete
205,Kerman,IR,78.66,scattered clouds,30.2832,57.0788,Ÿáÿ™ŸÑ ÿ¢Ÿæÿßÿ±ÿ™ŸÖÿßŸÜ ÿ¢ÿ≥ÿßŸÖ
210,Golden,US,80.24,overcast clouds,39.7555,-105.2211,"The Golden Hotel, Ascend Hotel Collection"
212,Biak,ID,75.29,light rain,-0.9131,122.8766,Penginapan Kim
215,Feijo,BR,80.04,scattered clouds,-8.1642,-70.3536,Hotel e Restaurante A“´ai
217,Pitimbu,BR,77.59,few clouds,-7.4706,-34.8086,Reserva do Abia√≠
219,Tuy Hoa,VN,77.11,light rain,13.0833,109.3,CenDeluxe Hotel Tuy Hoa
220,Quibdo,CO,78.01,overcast clouds,5.6947,-76.6611,Hotel Angeles
221,Fukue,JP,80.42,overcast clouds,32.6881,128.8419,Goto Guesthouse Utojuku & SA Car Rental
224,Taiyuan,CN,76.86,mist,37.8694,112.5603,Jinjiang Inn
229,Duku,NG,78.51,broken clouds,11.2361,4.9073,
232,Tucuma,BR,76.28,scattered clouds,-0.1833,-50.05,
234,Ternate,ID,77.67,heavy intensity rain,0.8,127.4,Grand Dafam Bela Ternate
236,Tual,ID,80.62,overcast clouds,-5.6667,132.75,Grand Vilia Hotel
239,Naze,JP,81.52,overcast clouds,28.3667,129.4833,Â•ÑÁæé„Éù„Éº„Éà„Çø„ÉØ„Éº„Éõ„ÉÜ„É´
242,Hami,CN,78.96,overcast clouds,42.8,93.45,Laoyutang Resort
243,Isla Vista,US,88.68,fog,34.4133,-119.861,Best Western Plus South Coast Inn
244,Monroe,US,82.78,scattered clouds,43.1501,-77.6831,"Staybridge Suites Rochester University, an IHG Hotel"
247,Lenoir City,US,83.7,broken clouds,35.7973,-84.256,"Holiday Inn Express & Suites Lenoir City (Knoxville Area), an IHG Hotel"
248,Hannibal,US,87.62,overcast clouds,39.7084,-91.3585,Country Hearth Inn Hannibal
249,Kahului,US,87.82,scattered clouds,20.8947,-156.47,Maui Seaside Hotel
250,Boa Vista,BR,80.58,broken clouds,2.8197,-60.6733,Aipana Plaza Hotel
251,Celestun,MX,86.59,overcast clouds,20.8667,-90.4,Posada Lilia
252,Santa Rosa,PH,81.86,overcast clouds,14.3122,121.1114,Erlyn‚Äôs Sta Rosa City Home
253,Dingle,PH,79.3,overcast clouds,10.9995,122.6711,SEGAYA PROPERTY
254,Casper,US,79.02,clear sky,42.8666,-106.3131,Ramkota Hotel
257,Placido De Castro,BR,82.72,few clouds,-10.3353,-67.1856,Hotel Carioca
259,Lompoc,US,79.21,clear sky,34.6391,-120.4579,"Holiday Inn Express Lompoc, an IHG Hotel"
265,Huadian,CN,77.49,broken clouds,42.9633,126.7478,Huadian Forestry Bureau
267,Ambon,ID,75.34,light rain,-3.6954,128.1814,Swiss-Belhotel Ambon
269,Pacific Grove,US,87.46,scattered clouds,36.6177,-121.9166,Lovers Point Inn
270,Pittsfield,US,78.42,moderate rain,42.4501,-73.2454,"Holiday Inn & Suites Pittsfield-Berkshires, an IHG Hotel"
278,Mangan,IN,75.09,overcast clouds,27.5167,88.5333,Hotel Mout View
283,Thinadhoo,MV,81.93,overcast clouds,0.5333,72.9333,
288,Manaure,CO,84.58,broken clouds,11.7751,-72.4445,Hotel Palaaima
291,Manggar,ID,78.87,overcast clouds,-2.8833,108.2667,Guest Hotel
296,Tomigusuku,JP,83.97,broken clouds,26.185,127.675,Hotel Gran View Okinawa
299,Katsuura,JP,80.19,overcast clouds,35.1333,140.3,Katsuura Hotel Mikazuki
300,San Ignacio,BZ,77.14,broken clouds,17.1561,-89.0714,Rainforest Haven Inn
301,San Patricio,US,89.69,overcast clouds,28.017,-97.5169,"Motel 6 Sinton, TX"
302,Broome,US,78.62,broken clouds,42.2506,-75.833,Chenango Valley State Park
305,Kavieng,PG,84.54,broken clouds,-2.5744,150.7967,Nusa Island Retreat
307,Kampot,KH,77.05,light rain,10.6167,104.1833,Two Moons Hotel
309,Asifabad,IN,75.76,broken clouds,19.3667,79.2833,‡∞∏‡∞ø‡∞°‡∞Ç ‡∞ï‡±à‡∞≤‡∞æ‡∞∑‡±ç
310,Miranda,CO,84.33,broken clouds,3.2499,-76.2281,unidiversidad organica la utopia
316,Alta Floresta,BR,82.22,clear sky,-9.8756,-56.0861,Floresta Amazonica Hotel
317,Padang,ID,75.33,overcast clouds,-0.9492,100.3543,Mercure Padang
319,Muli,MV,81.55,broken clouds,2.9167,73.5667,Medhufushi Island Resort
320,Toba,JP,76.32,light rain,34.4833,136.85,„Éõ„ÉÜ„É´ „Ç¢„É´„ÉÜ„Ç£„Ç¢È≥•ÁæΩ
325,Sur,OM,84.49,overcast clouds,22.5667,59.5289,Sur Plaza Hotel
326,Mengyin,CN,80.26,overcast clouds,35.7069,117.9264,Jinmengyuan Hotel
327,Griffith,US,82.35,clear sky,41.5284,-87.4237,"Motel 6 Hammond, IN - Chicago Area"
328,Luoyang,CN,78.22,light rain,34.6836,112.4536,ÊòìÂÆ∂ÂõΩÈôÖÈùíÂπ¥ÊóÖËàç
330,Nago,JP,84.36,overcast clouds,26.5881,127.9761,Hotel Yugaf Inn Okinawa
331,Bhadrachalam,IN,75.69,overcast clouds,17.6667,80.8833,Hotel Srinidhi Residency
334,Soverato,IT,75.15,clear sky,38.685,16.5499,Hotel San Domenico
339,Chapada Dos Guimaraes,BR,78.46,clear sky,-15.4606,-55.7497,Pousada Morro Dos Ventos
341,Sahibganj,IN,80.58,overcast clouds,25.25,87.65,hotel
345,Freeport,US,87.28,clear sky,40.6576,-73.5832,The Freeport Inn and Marina
347,Davila,PH,78.78,broken clouds,18.4726,120.5763,Blue Ridge Beach Resort
353,Tessalit,ML,88.99,overcast clouds,20.1986,1.0114,
354,Indian Trail,US,89.73,clear sky,35.0768,-80.6692,"Country Inn & Suites by Radisson, Charlotte/Matthews, NC"
355,Palm Coast,US,85.08,overcast clouds,29.585,-81.2078,Hammock Beach Golf Resort & Spa
356,Port-Gentil,GA,75.16,scattered clouds,-0.7193,8.7815,Fengshui Residence
357,Lethem,GY,76.23,broken clouds,3.3803,-59.7968,Savannah Inn
361,Boende,CD,79.61,broken clouds,-0.2167,20.8667,
363,Sao Raimundo Das Mangabeiras,BR,80.28,clear sky,-7.0219,-45.4811,Hotel Tropical
364,Bow Island,CA,89.62,clear sky,49.8668,-111.3684,Pleasant View Lodge
365,Bandarbeyla,SO,79.56,broken clouds,9.4942,50.8122,JABIR HOTEL
366,Bethel,US,86.11,scattered clouds,41.3712,-73.414,Courtyard by Marriott Danbury
367,Morristown,US,83.71,scattered clouds,36.214,-83.2949,Days Inn by Wyndham Morristown
372,Palauig,PH,82.44,overcast clouds,15.435,119.9045,Myhousebythesea
376,Jacareacanga,BR,80.49,clear sky,-6.2222,-57.7528,Casa do Ianüòé
377,Lisala,CD,75.31,broken clouds,2.15,21.5167,
379,Silvino Lobos,PH,77.63,broken clouds,12.3,124.8333,
382,Tirumullaivasal,IN,80.33,heavy intensity rain,11.2333,79.8333,Shanmugam RS TNEB
384,Charleston,US,89.76,clear sky,32.7766,-79.9309,The Mills House Wyndham Grand Hotel
387,Tevaitoa,PF,79.18,light rain,-16.7833,-151.5,H√¥tel Raiatea Lodge
388,Canosa Di Puglia,IT,78.58,clear sky,41.2196,16.0675,Hotel Canusium
391,Kloulklubed,PW,81.1,overcast clouds,7.0419,134.2556,Storyboard Beach Resort
392,Akyab,MM,81.46,broken clouds,20.15,92.9,Hotel Memory
393,Zanesville,US,84.58,clear sky,39.9404,-82.0132,"Holiday Inn Express & Suites Zanesville North, an IHG Hotel"
399,Sao Raimundo Nonato,BR,77.94,few clouds,-9.0153,-42.6994,Real Hotel
400,Minbu,MM,79.68,overcast clouds,20.1833,94.8833,Pan Tha Tin Guest House - Burmese Only
401,Pathein,MM,78.04,overcast clouds,16.7833,94.7333,New Pammawaddy Hotel
407,Trairi,BR,79.5,scattered clouds,-3.2778,-39.2689,janelas do mar
409,Kavaratti,IN,82.72,overcast clouds,10.5669,72.642,Hotels in Lakshadweep Islands
412,La Brea,HN,87.31,few clouds,15.8,-85.9667,Hotel reynita
415,Shelburne,CA,80.13,clear sky,44.0787,-80.2041,The Retreat at the Farm
418,Pirawa,IN,89.15,overcast clouds,24.1551,76.0273,‡§∏‡§æ‡§Æ‡•Å‡§¶‡§æ‡§Ø‡§ø‡§ï ‡§≠‡§µ‡§® ‡§∏‡§∞‡§æ‡§Ø ‡§™‡§ø‡•ú‡§æ‡§µ‡§æ
419,Craig,US,83.39,clear sky,40.5153,-107.5464,"Candlewood Suites Craig-Northwest, an IHG Hotel"
426,Ugoofaaru,MV,82.38,overcast clouds,5.6667,73.0,Ungoofaaru Inn
433,Carutapera,BR,75.76,scattered clouds,-1.195,-46.02,Lidera
434,Yarada,IN,80.65,broken clouds,17.65,83.2667,Jeevan
436,Jinji,CN,78.87,few clouds,23.2281,110.8261,
437,Srivardhan,IN,78.3,overcast clouds,18.0333,73.0167,Savli Resort/Hotel - Shrivardhan
438,Dosso,NE,89.06,broken clouds,13.049,3.1937,Hotel Toubal
441,Khash,IR,77.81,broken clouds,28.2211,61.2158,ÿØŸÅÿ™ÿ± Ÿæ€åÿ¥ÿÆŸàÿßŸÜ ÿØŸàŸÑÿ™ ÿ¨ŸÖÿßŸÑ ÿ≤Ÿá€å (ÿÆÿßŸÑÿØ)
442,Aitape,PG,81.82,overcast clouds,-3.1374,142.3475,
444,Seminole,US,83.01,clear sky,28.7086,-81.2081,Ono Hot Dog Cart and Catering
447,Ouagadougou,BF,78.93,light rain,12.3642,-1.5383,Centrale Hotel
452,Namatanai,PG,82.51,light rain,-3.6667,152.4333,Seagulls Inn Namatani
453,Gaffney,US,89.47,overcast clouds,35.0718,-81.6498,Quality Inn Gaffney I-85
454,Auki,SB,83.43,broken clouds,-8.7676,160.7034,Auki Motel
458,Berbera,SO,89.73,overcast clouds,10.4396,45.0143,IBCO REAL ESTATE PROPERTY
461,Loutra,GR,77.76,clear sky,39.0569,26.545,Aklidi Hotel
463,Isangel,VU,77.11,broken clouds,-19.55,169.2667,Tanna Lodge
466,Coari,BR,75.27,broken clouds,-4.085,-63.1414,HOTEL ALEX FLAT
468,Meulaboh,ID,75.6,light rain,4.1363,96.1285,Kost Pria
473,Sao Jose Da Coroa Grande,BR,75.36,few clouds,-8.8978,-35.1478,Cr√¥a Mares Hotel
475,Misratah,LY,80.04,clear sky,32.3754,15.0925,ŸÅŸÜÿØŸÇ ÿßŸÑŸÖÿßÿ≥ÿ©
478,Ciudad Bolivar,VE,80.22,overcast clouds,8.1222,-63.5497,Hotel Edi
479,Yurimaguas,PE,80.55,clear sky,-5.9,-76.0833,Rio Huallaga Hotel & Business Center
481,Brigantine,US,88.27,broken clouds,39.4101,-74.3646,Legacy Vacation Resorts Brigantine Beach
483,Pokaran,IN,86.68,overcast clouds,26.9167,71.9167,Motel Pokaran - RTDC
484,Libreville,GA,77.02,few clouds,0.3925,9.4537,Hotel Re-Ndama
485,Obando,PH,81.95,overcast clouds,14.7167,120.9333,Sitio Rosal Resort and Pavilion
494,Tautira,PF,84.22,few clouds,-17.7333,-149.15,Pension Oaoa
496,New Bern,US,89.85,thunderstorm,35.1085,-77.0441,Hampton Inn New Bern
499,Houston,US,87.96,clear sky,29.7633,-95.3633,"Hotel ICON, Autograph Collection"
507,Gazanjyk,TM,84.34,broken clouds,39.2446,55.5154,Railway motel
509,Labuan,MY,77.36,few clouds,5.2767,115.2417,Tiara Labuan Hotel
511,Tomatlan,MX,88.75,overcast clouds,19.9333,-105.25,El Salvial
512,Samarai,PG,79.81,broken clouds,-10.6167,150.6667,Nuli Sapi
515,Senador Guiomard,BR,87.55,scattered clouds,-10.1522,-67.7392,Para√≠so Hotel
518,Viransehir,TR,85.01,clear sky,37.2353,39.7631,Viran≈üehir √ñƒüretmenevi
519,Tucurui,BR,78.69,broken clouds,-3.7661,-49.6725,BBB Rooms Centro Tucurui PA
521,Kovur,IN,78.66,light rain,14.4833,79.9833,Hotel Yesh Park
522,Simbahan,PH,82.87,overcast clouds,6.3032,120.5836,
525,Prince George,CA,81.25,broken clouds,53.9166,-122.753,Canadas Best Value Inn Prince George
530,Digha,IN,83.39,broken clouds,21.6833,87.55,Khoniker Atithi
531,Lakatoro,VU,80.15,overcast clouds,-16.0999,167.4164,Lakatoro Palm Lodge
532,Saint-Louis,SN,82.04,broken clouds,16.3333,-15.0,
533,Shahabad,IN,86.22,overcast clouds,27.65,79.95,‡§°‡§æ‡§ï ‡§¨‡§Ç‡§ó‡§≤‡§æ
538,Hue,VN,80.71,few clouds,16.4667,107.6,Saigon Morin Hotel
540,Hounde,BF,79.66,scattered clouds,11.5,-3.5167,Carrefour o√π ouvriers dorment
541,Aswan,EG,87.67,overcast clouds,24.0934,32.907,Nuba Nile
544,Prescott,US,82.9,clear sky,34.54,-112.4685,Prescott Resort & Conference Center
546,Santa Cruz,BO,81.86,few clouds,-17.8,-63.1667,Aviador Hotel Boutique
547,Sioux Lookout,CA,76.8,scattered clouds,50.1001,-91.917,Knobby's Fly-In Camps
548,Atikokan,CA,75.63,overcast clouds,48.7555,-91.6216,Quetico Inn (formerly Radisson)
549,Asyut,EG,84.42,scattered clouds,27.181,31.1837,Florence Hotel Assiut
552,Mecca,SA,88.02,scattered clouds,21.4267,39.8261,"Makkah Clock Royal Tower, A Fairmont Hotel"
557,Mundo Nuevo,MX,77.79,overcast clouds,18.7,-95.5,
558,Conde,BR,76.46,few clouds,-7.2597,-34.9075,Pousada Beija Flor
560,Limbang,MY,77.31,overcast clouds,4.75,115.0,Purnama Hotel
565,Callaguip,PH,78.82,few clouds,18.0714,120.4867,Pangil Beach Resort
566,Prainha,BR,78.58,overcast clouds,-1.8,-53.48,Casa Rocha
567,Balkanabat,TM,86.32,overcast clouds,39.5108,54.3671,Nebitchi Hotel
574,Puerto Narino,CO,82.35,scattered clouds,-3.7703,-70.3831,Eware Refugio Amazonico
576,Mbandaka,CD,77.49,overcast clouds,0.0487,18.2603,Guest House Epervier
577,Dakar,SN,80.73,broken clouds,14.6937,-17.4441,Redface Studios Meubl√©s
578,Palmer,US,85.6,scattered clouds,42.1584,-72.3287,Wedgewood Motel
579,Pierre,US,87.06,scattered clouds,44.3683,-100.351,Ramkota Hotel
582,Ewa Beach,US,85.08,broken clouds,21.3156,-158.0072,Uncle Junior Robert
585,Bamako,ML,82.81,few clouds,12.65,-8.0,H√¥tel l‚ÄôAmiti√© Bamako
586,Gazli,UZ,75.88,few clouds,40.1333,63.45,
588,Chandur,IN,75.47,scattered clouds,19.7333,79.1833,Devasni Chit Funds P Ltd(SURYA)
590,Safaga,EG,87.15,broken clouds,26.7292,33.9365,Lamar Resort Abu Soma
591,Hambantota,LK,78.46,overcast clouds,6.1241,81.1185,Bungalow 63
592,Riyadh,SA,89.74,broken clouds,24.6877,46.7219,"InterContinental Riyadh, an IHG Hotel"
593,Kingston,JM,85.15,few clouds,17.997,-76.7936,The Jamaica Pegasus Hotel
597,Qui Nhon,VN,78.8,scattered clouds,13.7667,109.2333,Hoang Yen Canary Hotel
599,Bosaso,SO,88.43,broken clouds,11.2842,49.1816,Red Sea Hotel
600,Cockburn Town,TC,80.98,few clouds,21.4612,-71.1419,Osprey Beach Hotel
602,Warrensburg,US,88.02,clear sky,38.7628,-93.7361,Comfort Inn Warrensburg Station
604,Puerto Carreno,CO,77.65,overcast clouds,6.189,-67.4859,Casa Hotel Victoria
606,Iberia,US,89.98,thunderstorm,29.9502,-91.7507,back to back rv park
610,Matara,LK,76.64,broken clouds,5.9485,80.5353,Amaloh Boutique Resort
611,Zurrieq,MT,78.96,clear sky,35.8311,14.4742,M'Anglu
612,Banjar,ID,78.66,overcast clouds,-8.19,114.9675,The Hamsa Resort
613,Mangrol,IN,82.09,overcast clouds,21.1167,70.1167,Hotel The Royal Honours
618,Gat,IL,80.4,clear sky,31.61,34.7642,OlusHome
621,Dawson Creek,CA,81.34,broken clouds,55.7666,-120.2362,Peace Villa Motel
628,Lorengau,PG,83.97,broken clouds,-2.0226,147.2712,Lorengau Harbourside Hotel
629,Waynesville,US,76.87,broken clouds,35.4887,-82.9887,Best Western Smoky Mountain Inn
635,Mareeba,AU,75.33,few clouds,-17.0,145.4333,Trinity Plains Tourist Park
640,Hobyo,SO,76.69,broken clouds,5.3505,48.5268,Halane Hotel and Restaurent
641,Agua Branca,BR,87.13,broken clouds,-5.8922,-42.6361,√Ågua branca do Piau√≠ pi
643,Darab,IR,86.5,broken clouds,28.7519,54.5444,Naghshe shapoor Hotel
646,Tete,MZ,75.29,scattered clouds,-16.1564,33.5867,Zambeze Para√≠so Misterioso
648,Neiafu,TO,81.28,light rain,-18.65,-173.9833,Mystic Sands Beachfront Accommodation
649,Basco,PH,84.31,overcast clouds,20.4487,121.9702,Nathaniel's Lodge
650,Ranong,TH,77.29,overcast clouds,9.9658,98.6348,Tinidee Hotel@Ranong
652,Komsomolskiy,UZ,75.92,few clouds,40.4272,71.7189,Ikathouse
653,Kutum,SD,77.25,overcast clouds,14.2,24.6667,Dibbo areaŸÖŸÜÿ∑ŸÇÿ© ÿØÿ®Ÿà
660,Aripuana,BR,79.29,clear sky,-9.1667,-60.6333,
662,Quebec,CA,77.2,overcast clouds,46.8123,-71.2145,Hilton Quebec
664,Saint-Georges,GD,82.08,few clouds,12.0564,-61.7485,Radisson Grenada Beach Resort
666,Dayong,CN,82.08,scattered clouds,25.0209,118.2898,Haiyue Express Hotel
667,Takoradi,GH,76.55,light rain,4.8845,-1.7554,Raybow International Hotel
670,Shingu,JP,79.92,broken clouds,33.7333,135.9833,Shingu UI Hotel
676,Jalu,LY,84.06,scattered clouds,29.0331,21.5482,ÿµÿßÿ≠ÿ®ÿ© ÿßŸÑŸÅÿÆÿßŸÖÿ©
678,Xinyu,CN,80.49,broken clouds,27.8043,114.9334,Xinyu Beihu Hotel
682,Jasper,US,89.53,clear sky,37.2001,-94.3502,Guest House Motel
683,Bonthe,SL,76.24,overcast clouds,7.5264,-12.505,Bonthe Holiday Village
684,Amarpur,IN,82.53,overcast clouds,25.0333,86.9,Amit kirana store
686,Meadow Lake,US,86.77,broken clouds,34.8014,-106.5436,JKL Inc. R.V Park and Storage
690,Abu Kamal,SY,89.91,clear sky,34.4506,40.9171,ŸÖÿ≠ÿ∑ÿ© ÿßŸÑÿ™ŸÑŸÅÿßÿ≤
694,Palu,ID,76.44,overcast clouds,-0.8917,119.8707,Hotel Santika Palu
696,Sola,VU,81.27,broken clouds,-13.8833,167.55,Leumerus Bungalows
699,Beyneu,KZ,79.86,few clouds,45.3167,55.2,NUR
700,Sinnamary,GF,78.55,broken clouds,5.3833,-52.95,ALETHEIA Appartement Sinnamary
708,Franklin,US,86.04,scattered clouds,39.9667,-83.0166,Courtyard by Marriott Columbus Downtown
709,Fort Morgan,US,81.82,clear sky,40.2503,-103.8,Hampton Inn Fort Morgan
710,Porto Nacional,BR,80.6,clear sky,-10.7081,-48.4172,Vila Real Hotel
714,Catio,GW,79.07,overcast clouds,11.2833,-15.25,Pausada Morabedja
716,Hirara,JP,82.67,few clouds,24.8,125.2833,Hotel Atoll Emerald Miyakojima
718,Vila Do Maio,CV,77.79,clear sky,15.1333,-23.2167,Hotel Marilu
720,Oriximina,BR,81.21,overcast clouds,-1.7656,-55.8661,Pousada Tia Am√©lia
721,Urucara,BR,80.24,overcast clouds,-2.5364,-57.76,Pousada Maria Bonita
722,Tabligbo,TG,78.62,overcast clouds,6.5833,1.5,H√îTEL LA TOL√âRANCE
724,Djambala,CG,78.33,overcast clouds,-2.5447,14.7533,Hotel Ravin D'or
726,Fort Saint James,CA,81.05,scattered clouds,54.4333,-124.25,The View Hotel
728,Cairns,AU,79.95,overcast clouds,-16.9167,145.7667,Mantra Trilogy Cairns
729,South River,US,88.86,scattered clouds,40.4465,-74.386,"Holiday Inn Express & Suites Tower Center New Brunswick, an IHG Hotel"
732,Guerrero Negro,MX,78.15,overcast clouds,27.9769,-114.0611,"Casa Laguna, Bed & Breakfast"
733,Douentza,ML,82.94,overcast clouds,14.9951,-2.9517,Ogomono Doumbo
737,Nautla,MX,79.59,overcast clouds,20.2167,-96.7833,Casa Blanca
739,Bongandanga,CD,76.78,overcast clouds,1.5,21.05,
747,Hamilton,US,87.26,scattered clouds,39.1834,-84.5333,Six Acres Bed & Breakfast
748,Monaragala,LK,76.82,overcast clouds,6.8714,81.3487,Silanrich Hotel
751,Puerto Madero,MX,86.2,broken clouds,14.7208,-92.4215,Hotel La Central
755,Puerto Escondido,MX,81.43,overcast clouds,15.85,-97.0667,Aldea del Bazar Hotel and Spa
761,Saint-Andre-Avellin,CA,84.72,broken clouds,45.7168,-75.066,Auberge Petite-Nation
779,Mongo,TD,78.71,broken clouds,12.1844,18.693,R√©sidences du Programme FIDA
783,Jurado,CO,78.73,broken clouds,7.1053,-77.7641,
786,Pozo Colorado,PY,83.14,overcast clouds,-23.4923,-58.7972,Hospedaje la Amistad
790,Aplahoue,BJ,75.36,overcast clouds,6.9333,1.6833,Hotel ARNOGOS
803,Marsa Matruh,EG,78.15,clear sky,31.3525,27.2453,Beau Site
804,Lexington-Fayette,US,84.29,broken clouds,38.0498,-84.4585,Hilton Lexington/Downtown
807,Dickinson,US,88.12,few clouds,29.4608,-95.0513,Hampton Inn & Suites Houston/League City
810,Manicore,BR,85.95,clear sky,-5.8092,-61.3003,Hotel Durval
813,Lincoln,US,84.87,clear sky,40.8,-96.667,Courtyard by Marriott Lincoln Downtown/Haymarket
815,Jutai,BR,76.82,broken clouds,-5.1833,-68.9,
816,Shiyan,CN,78.71,broken clouds,32.6475,110.7781,Fenghuang Garden Holiday Hotel
821,Buzmeyin,TM,80.33,few clouds,38.0507,58.2056,
823,Manadhoo,MV,81.39,light rain,5.7667,73.3833,Vevu Guesthouse
826,Bubaque,GW,79.95,light rain,11.2833,-15.8333,"Casa Dora, Bubaque"
827,Natal,BR,79.45,broken clouds,-5.795,-35.2094,Villa Park Hotel | Natal
829,Altea,ES,76.59,scattered clouds,38.5989,-0.0514,Albir Playa Hotel & Spa
832,Lazo,RU,76.24,clear sky,43.3817,133.9014,
833,Kokopo,PG,84.16,overcast clouds,-4.352,152.2633,Kokopo Beach Bungalow Resort
834,Ambagarh Chauki,IN,75.99,broken clouds,20.7833,80.7167,Hunesh kunjam home ....
836,Buhe,CN,80.56,overcast clouds,30.2876,112.2298,Jingzhou Hongmen Hotel
837,Clifton,US,87.51,clear sky,40.8584,-74.1638,La Quinta Inn & Suites by Wyndham Clifton/Rutherford
840,Hurghada,EG,86.22,broken clouds,27.2574,33.8129,Sea Star Beau Rivage Hotel
841,Dicabisagan,PH,81.09,scattered clouds,17.0818,122.4157,Nancy Montanes Bernardo
842,Pochutla,MX,87.82,overcast clouds,15.7432,-96.4661,Hotel Posada San Jose
846,Bari,IT,81.84,clear sky,41.1177,16.8512,Mercure Villa Romanazzi Carducci Bari
847,Lipari,IT,77.56,few clouds,38.4674,14.954,Hotel Villa Diana Soc. Clelia Hunziker s.a.s.
852,Port Said,EG,80.24,clear sky,31.2565,32.2841,Aracan Hotel
853,Manokwari,ID,79.11,overcast clouds,-0.8667,134.0833,Swiss Belhotel Manokwari
854,Ribas Do Rio Pardo,BR,75.22,broken clouds,-20.4431,-53.7592,Pousada Avenida
856,Wichian Buri,TH,75.78,overcast clouds,15.6578,101.106,Mit Sali Hotel
858,Garowe,SO,78.46,broken clouds,8.4054,48.4845,Curubo Hotel
862,Koulikoro,ML,87.15,overcast clouds,14.0,-7.75,
866,Harper,LR,76.42,overcast clouds,4.375,-7.7169,Screensaver
869,Shache,CN,77.59,scattered clouds,38.4167,77.2406,Delong Hotel
872,Kourou,GF,81.1,broken clouds,5.1552,-52.6478,Lodge TAKINI4 Guesthouse KOUROU FGU
876,Acapulco,MX,87.62,broken clouds,16.8634,-99.8901,HS Hotsson Smart Acapulco
880,Palaiokomi,GR,76.86,clear sky,40.8667,23.9,ŒôœâœÉŒ∑œÜŒπŒ¥ŒøœÖ ŒµŒªŒµŒΩŒ∑
881,Spearfish,US,76.24,broken clouds,44.4908,-103.8594,Travelodge by Wyndham Spearfish
882,Lakhisarai,IN,83.03,broken clouds,25.1768,86.0932,Hotel DRS Deluxe
883,New Amsterdam,GY,76.46,scattered clouds,6.25,-57.5167,Little Rock Suites
886,Tiznit,MA,75.0,scattered clouds,29.5833,-9.5,
887,Bafoulabe,ML,86.09,broken clouds,13.8065,-10.8321,
889,Kirakira,SB,83.89,broken clouds,-10.4544,161.9205,SanBiz Lodge
891,Touros,BR,79.7,overcast clouds,-5.1989,-35.4608,INN NEW HORIZON
893,Majene,ID,76.91,overcast clouds,-3.5403,118.9707,Kost Putri RABBANI
895,Daru,PG,80.01,overcast clouds,-9.0763,143.2092,Daru Lodge
901,Makakilo City,US,83.68,broken clouds,21.3469,-158.0858,Marriott's Ko Olina Beach Club
902,Taviran,PH,77.05,overcast clouds,7.1233,124.3197,
907,Rosetown,CA,85.98,clear sky,51.5501,-108.0014,Travelodge by Wyndham Rosetown
908,Port Blair,IN,80.64,broken clouds,11.6667,92.75,"Welcomhotel By ITC Hotels, Bay Island, Port Blair"
909,Columbus,US,86.41,scattered clouds,39.9612,-82.9988,DoubleTree Suites by Hilton Hotel Columbus Downtown
910,Damaturu,NG,82.96,overcast clouds,11.747,11.9608,"Hayas Guest Inn, Central Roundabout, Gujba Road"
914,Kanniyakumari,IN,80.83,light rain,8.0833,77.5667,Sparsa
917,Lacdayan,PH,79.81,scattered clouds,13.6,122.5333,BabyFlor
919,Murgab,TM,78.67,broken clouds,37.4966,61.9714,
923,Sarangani,PH,82.94,overcast clouds,5.4033,125.4636,Ballistic Islet
925,Jiazi,CN,83.59,few clouds,22.8779,116.067,Hotel Jin Hao
926,Russell,US,89.51,broken clouds,32.3502,-85.1999,Macs
929,Matay,EG,82.26,clear sky,28.419,30.7792,Nag Aespen
931,Ramshir,IR,89.35,clear sky,30.8946,49.4092,ŸÖÿπÿµŸàŸÖŸá ŸÖŸáÿØ€åÿßŸÜ
933,Mayor Pablo Lagerenza,PY,82.2,scattered clouds,-19.9309,-60.7718,
935,Port Jervis,US,86.02,broken clouds,41.3751,-74.6927,Hampton Inn Matamoras/Milford
943,Almeirim,BR,76.69,overcast clouds,-1.5233,-52.5817,Ric√°cio Hotel
946,Zavetnoye,RU,77.58,few clouds,47.1194,43.8903,
953,Brookings,US,77.41,overcast clouds,44.3114,-96.7984,"Holiday Inn Express & Suites Brookings, an IHG Hotel"
956,Porto Novo,BJ,78.62,broken clouds,6.4965,2.6036,Tour Eiffel Hotel Benin
957,Goderich,CA,81.21,few clouds,43.7501,-81.7165,Harmony Inn
958,French Harbor,HN,87.8,scattered clouds,16.35,-86.4333,"Fantasy Island Beach Resort, Dive & Marina"
962,Buala,SB,84.24,light rain,-8.145,159.5921,Maringe Lagoon Lodge
969,Black River,JM,87.98,few clouds,18.0264,-77.8487,Idlers' Rest Beach Hotel
978,Pasuruan,ID,75.09,overcast clouds,-7.6453,112.9075,Pasuruan Hotel
979,Awbari,LY,87.94,clear sky,26.5921,12.7805,ŸÅŸÜÿØŸÇ ÿ£Ÿàÿ®ÿßÿ±Ÿä
980,Panshi,CN,78.71,broken clouds,42.9422,126.0561,Shangkeyou Express Hotel
982,Sangueya,GN,75.67,overcast clouds,10.7,-14.3667,
983,Erzin,TR,83.12,few clouds,36.9559,36.2,Artemis Otel
987,Garden City,US,84.33,overcast clouds,42.3256,-83.331,Quality Inn & Suites Banquet Center
988,Sao Felix Do Xingu,BR,77.36,scattered clouds,-6.6447,-51.995,Rio Xingu Camping
990,Erenhot,CN,77.72,overcast clouds,43.6475,111.9767,Erenhot Rurouni Youth Hostel
992,Nanchong,CN,77.99,moderate rain,30.7951,106.0847,Marine Una Century Hotel
994,Kashi,CN,81.23,scattered clouds,39.4547,75.9797,Â∏ïÁ±≥Â∞îÈùíÂπ¥ÊóÖËàç
997,Marsh Harbour,BS,82.33,few clouds,26.5412,-77.0636,Abaco Beach Resort
998,Shima,CN,82.42,light rain,24.4478,117.8111,ÈæôÊµ∑ÈíªÁü≥Â§ßÈÖíÂ∫ó
999,Cotonou,BJ,78.78,scattered clouds,6.3654,2.4183,Novotel Cotonou Orisha
1000,Ferme-Neuve,CA,77.27,scattered clouds,46.7001,-75.4493,Pourvoirie Club Fontbrune Ltee
1004,Brownsville,US,87.8,clear sky,25.9018,-97.4975,University Inn & Suites
1005,Puerto Colombia,CO,86.09,overcast clouds,10.9878,-74.9547,Hotel El Emigrante
1009,Manavgat,TR,82.81,clear sky,36.7867,31.4431,River Boutique Hotel
1013,Uribia,CO,86.67,broken clouds,11.7139,-72.266,Hotel Uribia
1014,Umm Lajj,SA,84.43,broken clouds,25.0213,37.2685,Moon light Furnished Units
1015,Rae Bareli,IN,84.33,broken clouds,26.2167,81.2333,Hotel Ashirwad Inn
1016,Manado,ID,77.77,scattered clouds,1.487,124.8455,Aryaduta Hotel
1017,Tamale,GH,78.48,scattered clouds,9.4008,-0.8393,Tap Hotel
1022,Wattegama,LK,77.2,overcast clouds,6.7989,81.4808,
1029,Caibarien,CU,87.12,broken clouds,22.5206,-79.4669,La Nena
1031,Azare,NG,81.12,overcast clouds,11.6765,10.1948,Muk hostel
1036,Luba,GQ,75.09,light rain,3.4568,8.5547,
1040,Avera,US,84.38,overcast clouds,33.194,-82.5271,
1048,Leninsk,RU,75.06,scattered clouds,48.7119,45.1994,Turbaza Odisseya
1049,Nouakchott,MR,76.93,clear sky,18.0858,-15.9785,HOTEL IMAN ŸÅŸÜÿØŸÇ ÿ•ŸäŸÖÿßŸÜ
1059,Sawakin,SD,89.73,overcast clouds,19.1059,37.3321,ŸÅŸÜÿØŸÇ ÿßŸÑÿØŸàŸäŸÖ
1061,San Lorenzo,PY,77.94,broken clouds,-25.3333,-57.5333,Hotel del Sur
1062,Tongchuan,CN,78.53,overcast clouds,35.0806,109.0897,Tongchuan Hotel
1064,Tongren,CN,77.27,overcast clouds,27.7172,109.1853,Fanjing Mountain International Conference Center
1065,Mayo,US,87.98,few clouds,38.8876,-76.5119,Resorts Resource Group International
1066,Puerto Cabezas,NI,85.96,scattered clouds,14.0351,-83.3888,Caba√±a Caribe
1067,Houma,US,87.8,scattered clouds,29.5958,-90.7195,Courtyard by Marriott Houma
1071,Boyuibe,BO,78.71,scattered clouds,-20.4167,-63.2833,Residencial Eluzai
1072,Mapanas,PH,78.8,broken clouds,12.475,125.2562,The Yellow House
1074,Kailua,US,85.14,light rain,21.4022,-157.7394,Sheffield House Bed & Breakfast
1076,Porto Murtinho,BR,80.2,overcast clouds,-21.6989,-57.8825,Hotel Pantanal
1082,Honolulu,US,84.96,light rain,21.3069,-157.8583,Aston at the Executive Centre Hotel
1083,Kuala Terengganu,MY,75.15,few clouds,5.3302,103.1408,Hotel Grand Continental Kuala Terengganu (4 Star)
1084,Uarini,BR,76.95,broken clouds,-2.99,-65.1083,
1087,Rock Sound,BS,81.54,clear sky,24.9,-76.2,Rock Sound Club
1090,Robertsport,LR,77.83,light rain,6.7533,-11.3686,Kwepunha Retreat
1093,Fairview,US,86.56,clear sky,40.8126,-73.999,Homewood Suites by Hilton Edgewater-NYC Area
1094,Wanxian,CN,81.05,overcast clouds,30.8039,108.3897,7Days Inn Chongqing Shiqiaopu
1095,The Pas,CA,78.8,broken clouds,53.8251,-101.2541,Wescana Inn
1097,Bluefield,US,80.64,few clouds,37.2698,-81.2223,Economy Inn
1099,Rockledge,US,85.08,clear sky,28.3508,-80.7253,Aladdin Motel
1103,Muisne,EC,82.51,overcast clouds,0.6,-80.0333,Quinta Samay
1107,Cruz,BR,78.91,overcast clouds,-2.9178,-40.1717,Hotel Villaboibom
1109,Moerai,PF,75.61,broken clouds,-22.4333,-151.3333,Le Manotel
1111,Bodden Town,KY,87.8,scattered clouds,19.2833,-81.25,Will T Place
1112,Itarema,BR,79.3,broken clouds,-2.9248,-39.9167,"Sea Lounge! Bar, Club & Restaurant"
1113,Champerico,GT,84.34,overcast clouds,14.3,-91.9167,"Hotel y restaurante ""El Diamante"""
1115,Mengcheng,CN,83.79,heavy intensity rain,33.2579,116.5655,Jinliang Hotel
1116,Gimli,CA,83.43,scattered clouds,50.6336,-96.9907,Lakeview Gimli Resort
1118,Jiaozuo,CN,79.56,scattered clouds,35.2397,113.2331,Days Hotel and Suites Jiaozuo
1119,Cam Ranh,VN,76.96,light rain,11.9214,109.1591,OYO 598 Peony Hotel
1123,Pundaguitan,PH,81.54,broken clouds,6.3711,126.1689,Leonardo Family Beach House 1
1124,Seoul,KR,82.0,clear sky,37.5683,126.9778,Î°ØÎç∞Ìò∏ÌÖî ÏÑúÏö∏
1126,Belgrade,RS,83.86,clear sky,44.804,20.4651,Saruna Wellness - Hotel Park Belgrade
1127,Puro,PH,81.23,overcast clouds,12.4841,123.3827,
1128,Tiarei,PF,84.22,few clouds,-17.5333,-149.3333,Le Rocher de Tahiti
1131,Tibacuy,CO,77.0,light rain,4.3511,-72.4564,hospedaje las palmas
1133,Svay Rieng,KH,75.78,overcast clouds,11.0879,105.7993,Apsara guesthouse
1134,Kandri,IN,76.57,broken clouds,21.4167,79.2667,OYO 69410 Sip & Bite Restaurant N Lodging
1136,Warri,NG,75.13,overcast clouds,5.5167,5.75,BON Hotel Delta
1140,Chechat,IN,89.78,broken clouds,24.7667,75.8833,"Shri raghunath palace, hotal & restrorent"
1141,Myanaung,MM,78.93,light rain,18.2833,95.3167,Taung Hlay Khar
1147,Huanren,CN,77.88,broken clouds,41.2647,125.3667,Dynasty Wunvshan Ice Chateau
1153,Huilong,CN,80.98,overcast clouds,31.8111,121.655,Hilton Garden Inn Qidong
1158,Ipixuna,BR,80.55,overcast clouds,-1.7625,-48.8043,Casa da Oscarina
1162,San Policarpo,PH,78.94,broken clouds,12.1791,125.5072,JM Lodge
1166,Nushki,PK,85.77,scattered clouds,29.5542,66.0215,Shams hotel
1170,Veraval,IN,81.95,overcast clouds,20.9,70.3667,Lords Inn Somnath
1172,Boffa,GN,75.92,light rain,10.1667,-14.0333,H√¥tel Niara Belly
1173,Suruc,TR,82.6,clear sky,36.9761,38.425,PEHLƒ∞VANKESMESƒ∞ K√ñY√ú
1177,San Carlos,VE,77.56,scattered clouds,9.6612,-68.5827,Hotel Paternopoli
1182,Tubuala,PA,83.34,overcast clouds,9.5167,-79.0333,R√≠o Nabagana
1183,Bairiki,KI,84.2,scattered clouds,1.3292,172.9752,Tarawa Boutique Hotel
1184,Trincomalee,LK,80.17,overcast clouds,8.5711,81.2335,Welcombe Hotel
1186,Oussouye,SN,84.29,overcast clouds,12.485,-16.5469,Auberge du Routard
1187,Khartoum,SD,89.02,scattered clouds,15.5518,32.5324,Hotel China
1188,Tottori,JP,78.87,broken clouds,35.5,134.2333,Hotel Monarque Tottori
1191,Mersing,MY,75.11,overcast clouds,2.4312,103.8405,Timotel Hotel
1195,Dhidhdhoo,MV,81.5,light rain,6.8833,73.1,Dhidhoo beach
1196,Dalbandin,PK,85.62,broken clouds,28.8947,64.4101,Sanjrani House
1198,Pingdingshan,CN,78.3,overcast clouds,33.7385,113.3012,Chengfu Hotel
1200,Hengyang,CN,82.89,clear sky,26.8881,112.615,Honglin Guesthouse
1208,Sai Buri,TH,75.9,overcast clouds,6.7013,101.6168,‡∏£‡πâ‡∏≤‡∏ô‚Äã ‡πÄ‡∏ß‡∏î‡∏î‡∏¥‡πâ‡∏á
1210,Honiara,SB,86.38,broken clouds,-9.4333,159.95,Heritage Park Hotel
1211,Srikakulam,IN,79.88,overcast clouds,18.3,83.9,Sriram residency
1213,Vaitape,PF,79.66,broken clouds,-16.5167,-151.75,Conrad Bora Bora Nui
1214,Yarmouth,US,83.05,mist,41.7057,-70.2286,Blue Rock Resort
1222,Gushikawa,JP,83.43,clear sky,26.3544,127.8686,Kirari Guest House
1223,Iquitos,PE,84.24,scattered clouds,-3.7481,-73.2472,Casa Morey Hotel & Restaurant
1224,Liuzhou,CN,78.64,broken clouds,24.3126,109.3892,Linjiang Inn
1227,Tocache,PE,77.2,scattered clouds,-8.1842,-76.5125,Hotel Ortiz
1228,Tabou,CI,76.42,overcast clouds,4.423,-7.3528,hot√™l doufoulougou
1231,Jiwani,PK,86.41,moderate rain,25.05,61.7417,Al Mumtaz Transport Jiwani
1236,Pedernales,DO,81.86,overcast clouds,18.0384,-71.744,Hotel Costa Marina
1242,Helong,CN,76.03,broken clouds,42.5397,128.9972,Helong Hotel
1245,Yueyang,CN,81.46,overcast clouds,29.3333,113.0919,Delong Fortune Hotel
1246,Geri,CY,81.79,clear sky,35.1,33.4167,Latsia Budget Residences
1248,Sarankhola,BD,80.13,overcast clouds,22.3082,89.7897,Md Mostafiz Mir Al Imran's House
1249,Praia,CV,77.54,few clouds,14.9215,-23.5087,LT Aparthotel
1250,Zhuhai,CN,84.11,few clouds,22.2769,113.5678,Nanyang Seascape Hotel Zhuhai Hotel
1256,Kangaba,ML,80.38,light rain,11.9333,-8.4167,H√¥tel Mand√©
1260,Iranduba,BR,84.52,scattered clouds,-3.2847,-60.1861,Evolu√ß√£o Ecolodge
1263,Tongliao,CN,77.76,overcast clouds,43.6125,122.2653,Meirujia Hotel
1266,Turayf,SA,84.45,clear sky,31.6725,38.6637,Turaif
1271,Wanning,CN,81.1,few clouds,18.8003,110.3967,Paradise Hotel
1273,Bemidji,US,80.89,haze,47.4736,-94.8803,Hampton Inn & Suites Bemidji
1274,Dingli,MT,77.81,clear sky,35.8614,14.3822,The Xara Palace Relais & Chateaux
1277,Douglas,US,85.3,clear sky,41.3,-96.167,Hilton Garden Inn Omaha West
1278,Urayasu,JP,78.26,broken clouds,35.6706,139.8886,Pearl Hotel Kasai
1283,Riberalta,BO,88.0,few clouds,-10.9833,-66.1,Hotel Colonial
1284,Mandera,KE,75.78,broken clouds,3.9366,41.867,Kornesh Hotel and Lodging
1291,Contamana,PE,82.13,broken clouds,-7.3333,-75.0167,Shiringal Touristic Park
1293,Middle Island,US,84.58,clear sky,40.8843,-72.9373,Camp Wilderness (not an actual campground)
1294,Ucluelet,CA,85.05,broken clouds,48.9329,-125.5528,Black Rock Oceanfront Resort
1299,Yuli,NG,76.08,overcast clouds,9.6989,10.2744,
1300,Mitsamiouli,KM,76.98,few clouds,-11.3847,43.2844,Foyer ADM
1303,Maues,BR,78.69,overcast clouds,-3.3836,-57.7186,Hotel Miramar
1310,Gorontalo,ID,76.48,overcast clouds,0.5412,123.0595,Maqna Hotel by Prasanthi
1313,Rajapur,IN,89.04,broken clouds,25.3833,81.15,B.K. Computer & Janseva Kendra
1317,Harlingen,US,87.76,clear sky,26.1906,-97.6961,Courtyard by Marriott Harlingen
1320,Churapcha,RU,75.13,broken clouds,62.0025,132.4325,
1321,Bac Lieu,VN,77.34,overcast clouds,9.285,105.7244,Kh√°ch s·∫°n S√†i G√≤n B·∫°c Li√™u
1329,Redmond,US,84.42,clear sky,47.674,-122.1215,Seattle Marriott Redmond
1331,Bedi,IN,83.98,overcast clouds,22.5,70.05,Hotel Aram
1332,Gazi,GR,82.6,clear sky,35.3253,25.0669,Sun Hotel
1333,Maturin,VE,75.78,clear sky,9.75,-63.1767,Hotel Residencial La Pichincha
1334,Maceio,BR,76.44,scattered clouds,-9.6658,-35.7353,Poutur Pousada
1337,Yuanping,CN,75.56,clear sky,38.7153,112.7575,Yuanping Xinghe Guesthouse
1338,Pyay,MM,77.92,overcast clouds,18.8167,95.2167,Shwe Pyi Thar
1340,Havelock,US,84.94,few clouds,34.8791,-76.9013,Sherwood Motel
1344,Lang Suan,TH,76.42,overcast clouds,9.9456,99.0785,Langsuan Resort
1346,Boli,CN,80.49,overcast clouds,45.7667,130.5167,The Disabled Recovery Xunlianshi
1348,Roma,US,80.82,clear sky,43.2128,-75.4557,Wingate By Wyndham Rome
1361,Vilhena,BR,80.82,few clouds,-12.7406,-60.1458,Hotel Mirage
1364,Blackstone,US,83.75,broken clouds,42.0179,-71.5412,Morning Star Lodge 13
1367,Gasa,PS,78.78,clear sky,31.5,34.4667,ÿ±ÿßÿ®ÿ∑ÿ© ÿßŸÑŸÅŸÜÿßŸÜŸäŸÜ ÿßŸÑŸÅŸÑÿ≥ÿ∑ŸäŸÜŸäŸäŸÜ
1369,Bani,DO,83.64,scattered clouds,18.2833,-70.3333,Hospedaje Henriquez
1370,Manoharpur,IN,83.35,overcast clouds,27.3,75.95,‡§ï‡•à‡§•‡§≤ ‡§π‡§∞‡§ø‡§Ø‡§æ‡§£‡§æ ‡§π‡•ã‡§ü‡§≤
1371,Deulgaon Raja,IN,75.02,overcast clouds,20.0167,76.0333,Hotel YOGIRAJ LODGING & BOARDIING
1373,Biltine,TD,85.86,broken clouds,14.5333,20.9167,H√¥tel Trois √âtoiles de Biltine
1375,Lufilufi,WS,85.78,clear sky,-13.8745,-171.5986,Leuaina Beach Resort and Spa
1377,Amli,IN,77.45,overcast clouds,20.2833,73.0167,Hotel Soubhagya Inn
1379,Caucaia,BR,80.55,scattered clouds,-3.7361,-38.6531,M.O.S. Log√≠stica - Filial Fortaleza
1382,Axim,GH,76.57,light rain,4.8699,-2.2405,AXIM BEACH RESORT AND SPA
1383,Kilindoni,TZ,77.5,scattered clouds,-7.9139,39.6668,Bustani B&B
1384,North Platte,US,77.99,overcast clouds,41.1239,-100.7654,"Holiday Inn Express & Suites North Platte, an IHG Hotel"
1386,Chicacao,GT,83.82,overcast clouds,14.5333,-91.3167,Parada de buses para cutzan y nahualate.
1389,Tandalti,SD,80.96,overcast clouds,13.0167,31.8667,ŸÖŸÜÿ≤ŸÑ : ÿßŸÑŸáÿßÿØŸä ŸÖÿ≠ŸÖÿØ ŸÖÿ≥ÿßÿπÿØ
1390,Dubti,ET,89.65,overcast clouds,11.7361,41.0853,degu Shiferaw
1391,Tirodi,IN,77.18,overcast clouds,21.6833,79.7,Sameer Ali
1394,Mana,GF,78.24,overcast clouds,5.6592,-53.7767,LE SAMANA
1396,Yining,CN,79.84,broken clouds,29.0361,114.5636,Xiushui Hotel
1398,Acarau,BR,79.3,broken clouds,-2.8856,-40.12,castelo pizzaria
1400,Coaticook,CA,77.61,scattered clouds,45.1334,-71.7991,La Nuit√©e
1402,Conakry,GN,75.27,light rain,9.538,-13.6773,Riviera Royal Hotel
1403,Rudbar,AF,89.24,few clouds,30.15,62.6,
1405,Esna,EG,86.25,broken clouds,25.2934,32.554,Orient Star Dahabyia Isna 05 Nights Each Sunday
1408,Sabha,LY,86.34,clear sky,27.0377,14.4283,Foundation Taaj Asala for Historical Research and Archeology
1409,San Matias,BO,81.23,clear sky,-16.3667,-58.4,"HOTEL ""SAN JOSE"""
1415,Kashan,IR,87.44,clear sky,33.9831,51.4364,Manouchehri Traditional House
1416,Kerrville,US,87.46,clear sky,30.0474,-99.1403,Inn Of The Hills Hotel & Conference Center
1417,Songjianghe,CN,76.77,clear sky,42.1859,127.479,Sijisheng Fashion Guest House
1419,Angoram,PG,79.56,overcast clouds,-4.0625,144.0661,
1420,Gewane,ET,76.23,moderate rain,10.1664,40.6453,
1421,Dicamay,PH,77.45,scattered clouds,16.7561,122.0037,
1434,Yorosso,ML,80.15,overcast clouds,12.3536,-4.7761,Maison d'arr√™t et de correction de Yoro
1441,Bull Savanna,JM,81.66,few clouds,17.8868,-77.5902,Big Red's
1442,Tateyama,JP,80.1,overcast clouds,34.9833,139.8667,Tateyama Seaside Hotel
1454,Kidal,ML,89.53,scattered clouds,18.4411,1.4078,
1457,Buchanan,LR,76.41,overcast clouds,5.8808,-10.0467,Kamaneahn Hotel Inc
1458,Itoman,JP,86.02,broken clouds,26.1247,127.6694,Southern Beach Hotel & Resort Okinawa
1459,Lithakia,GR,75.33,clear sky,37.7167,20.8333,Zante Plaza Hotel & Apartments
1461,Brewster,US,87.08,scattered clouds,41.3973,-73.6171,Heidi's Inn
1465,Farkhor,TJ,81.48,scattered clouds,37.4922,69.4036,Khonai Abdulkhayrov
1467,Diamantino,BR,77.02,clear sky,-14.4086,-56.4461,Hotel Delta
1468,Vizianagaram,IN,78.28,overcast clouds,18.1167,83.4167,Anupriya Residency
1472,Palkonda,IN,77.85,overcast clouds,18.6,83.75,Ayyappa Shankar residency
1474,Pasni,PK,86.49,light rain,25.2631,63.471,Kashmiri Hotal
1476,Gallup,US,84.96,broken clouds,35.5281,-108.7426,El Capitan Motel
1477,Xuchang,CN,76.08,light rain,34.0167,113.8167,Super 8 Hotel
1478,Jibuti,DJ,89.02,overcast clouds,11.5,42.5,Orchid Main Camp Goubet
1481,Cabedelo,BR,77.67,few clouds,-6.9811,-34.8339,Hotel Pigalle
1483,Jacqueville,CI,78.71,overcast clouds,5.2052,-4.4146,Hotel Le Martin Pecheur
1484,Maple Valley,US,81.45,clear sky,47.3927,-122.0464,Linda's By The Lake Bed & Breakfast
1486,Weyburn,CA,85.17,clear sky,49.6668,-103.8511,Perfect Inns & Suites
1493,Mackenzie,CA,81.86,broken clouds,55.2999,-123.1698,Hilton Shop
1494,Phichit,TH,75.42,overcast clouds,16.25,100.4167,Rommakham Homestay
1495,Madang,PG,82.18,overcast clouds,-5.2246,145.7966,Comfort Inn Hotel
1497,Lalig,PH,81.48,overcast clouds,13.9764,121.3275,Villa Escudero Plantations and Resort
1499,Maniwaki,CA,78.44,few clouds,46.3834,-75.966,Centre Chateau Logue
1500,Chenzhou,CN,80.17,broken clouds,25.8,113.0333,Thank Inn Chain Hotel hunan chenzhou beihu district wuling square
1501,Pemberton,CA,89.29,clear sky,50.3164,-122.8027,Pemberton Valley Lodge
1503,Bengbu,CN,83.03,heavy intensity rain,32.9408,117.3608,Howard Johnson Nanshan Plaza
1506,Bowling Green,US,87.73,few clouds,36.9903,-86.4436,Hilton Garden Inn Bowling Green
1508,Carsamba,TR,76.75,scattered clouds,41.1989,36.7219,Carsamba Ogretmenevi
1510,Afua,BR,75.02,broken clouds,-0.1567,-50.3867,Hotel Dias
1513,Jacksonville,US,89.11,haze,30.3322,-81.6556,Hyatt Regency Jacksonville Riverfront
1514,The Valley,AI,84.06,few clouds,18.217,-63.0578,CeBlue Villas & Beach Resort
1515,Plainview,US,86.77,clear sky,40.7765,-73.4673,Four Points by Sheraton Melville Long Island
1520,Billings,US,87.3,few clouds,45.7833,-108.5007,Best Western Plus Clocktower Inn
1524,Kizukuri,JP,76.1,scattered clouds,40.8061,140.3861,Hotel memory
1525,Cayhagan,PH,80.65,broken clouds,9.6697,122.4256,Melrose Beach Resort
1530,Nata,PA,80.47,overcast clouds,8.3333,-80.5167,Caba√±as Estancia Bayamon
1538,Grants,US,80.83,broken clouds,35.1473,-107.8514,"Motel 6 Grants, NM"
1543,Valcourt,CA,77.34,scattered clouds,45.5001,-72.3158,Motel du Canton
1545,Nha Trang,VN,77.0,broken clouds,12.25,109.1833,Sheraton Nha Trang Hotel & Spa
1546,Litovko,RU,79.2,light rain,49.2361,135.1742,
1551,Ilorin,NG,77.36,clear sky,8.5,4.55,Ayala Suite Annex
1555,Amahai,ID,75.74,overcast clouds,-3.3333,128.9167,HOTEL ISABELA
1556,Nizwa,OM,84.69,overcast clouds,22.9333,57.5333,Orient Apartments
1558,Muscle Shoals,US,88.97,clear sky,34.7448,-87.6675,Microtel Inn & Suites by Wyndham Tuscumbia/Muscle Shoals
1560,Loukisia,GR,86.36,clear sky,38.4833,23.45,ŒöŒ§ŒóŒúŒë ŒëŒùŒòŒóŒîŒ©Œù
1561,Ransang,PH,80.49,overcast clouds,8.9603,117.5828,Black and Crystal Sand Campsite
1565,Hun,LY,84.11,clear sky,29.1268,15.9477,Alrwasi Hotel
1570,Yola,NG,75.43,light rain,9.2,12.4833,Muna Hotel
1573,Bang Saphan,TH,76.96,overcast clouds,11.2126,99.5117,Ladawan Boutique Hotel
1577,Akaltara,IN,80.02,overcast clouds,22.0167,82.4333,Hotel Brindavan
1578,Santa Marta,CO,81.75,scattered clouds,11.2408,-74.199,Casa de Isabella
1581,Aloleng,PH,82.13,overcast clouds,16.1307,119.7824,Steve Walden and Emma Sison-Walden Residence
1589,Athens,GR,87.19,clear sky,37.9795,23.7162,Novotel Athenes
1591,Marzuq,YE,77.95,overcast clouds,14.4,46.4667,
1594,Sakaiminato,JP,76.98,broken clouds,35.55,133.2333,Âë≥Âá¶„ÉªÊ∞ëÂÆø „Åæ„Å§„ÇÑ
1599,Pithora,IN,78.64,overcast clouds,21.2667,82.5167,Megha creation's home
1601,Anaconda,US,86.95,clear sky,46.1285,-112.9423,Trade Wind Motel
1602,Barra Patuca,HN,81.52,overcast clouds,15.8,-84.2833,
1603,Cortez,US,76.51,broken clouds,37.3489,-108.5859,Sand Canyon National 9 Inn
1607,Mogadishu,SO,76.08,broken clouds,2.0371,45.3438,Hotel Juba
1609,Tabuk,PH,77.38,scattered clouds,17.4189,121.4443,Golden Berries Hotel and Convention
1610,Erdaojiang,CN,79.14,overcast clouds,41.7764,126.0319,Tonggang Hotel
1615,Yaguajay,CU,81.34,light rain,22.3272,-79.2378,Hostal La Terraza
1616,Baiao,BR,80.31,broken clouds,-2.7906,-49.6717,Hotel Eurosono
1622,Pocone,BR,81.19,clear sky,-16.2567,-56.6228,Hotel e Churrascaria Pantaneira
1623,Kalmunai,LK,82.09,overcast clouds,7.4167,81.8167,VS Villa
1625,Shenjiamen,CN,79.11,broken clouds,29.9576,122.298,Jinjiang Inn Zhoushan Putuo Shenjiamen
1627,Dauphin,CA,76.66,broken clouds,51.1494,-100.0502,Canway Inn & Suites
1628,Farmington,US,81.28,clear sky,36.7281,-108.2187,Courtyard by Marriott Farmington
1629,Enshi,CN,76.44,broken clouds,30.3,109.4833,Moevenpick Enshi
1634,Keffi,NG,79.18,overcast clouds,8.8486,7.8736,Imam Family
1636,Khed Brahma,IN,82.83,moderate rain,24.0333,73.05,UMIYA NASTA HOUSE
1640,High Level,CA,85.35,overcast clouds,58.5169,-117.136,Days Inn by Wyndham High Level
1641,Sukumo,JP,78.66,broken clouds,32.9333,132.7333,Sukumojo
1646,Isabela,PH,75.25,broken clouds,6.7085,121.9711,Isawad Resort
1647,Novo Aripuana,BR,78.58,broken clouds,-5.1206,-60.3797,Hotel Ezequiel
1648,Nanzhou,CN,79.88,light rain,29.3596,112.4024,ÂÖ¥Á¶πÂõΩÈôÖÂ§ßÈÖíÂ∫ó
1651,Tukrah,LY,78.51,clear sky,32.5341,20.5791,Lokta restaurant
1654,Birjand,IR,82.87,scattered clouds,32.8663,59.2211,Birjand Tourist Hotel
1655,San Pedro De Macoris,DO,78.49,overcast clouds,18.4616,-69.2972,Apartahotel Guaraguao
1661,Puerto Ayacucho,VE,76.62,broken clouds,5.6639,-67.6236,Posada Turistica Manapiare
1663,Changde,CN,80.46,overcast clouds,29.0464,111.6783,Kangshida Hotel
1664,Gaziantep,TR,80.26,clear sky,37.0594,37.3825,Novotel Gaziantep
1666,Kunya,NG,82.56,few clouds,12.2233,8.5325,
1670,Tamiahua,MX,83.19,few clouds,21.2667,-97.45,Mission Of The Sun Hotel
1671,Puerto Gaitan,CO,76.39,moderate rain,4.3133,-72.0816,Brisas del Yucao
1676,Cuiluan,CN,77.63,overcast clouds,47.72,128.648,Shuncheng Hotel
1677,Rawlins,US,85.33,clear sky,41.7911,-107.2387,"Holiday Inn Express Rawlins, an IHG Hotel"
1680,Tefe,BR,77.11,scattered clouds,-3.3542,-64.7114,Aracati Hotel
1685,Littleton,US,80.47,overcast clouds,39.6133,-105.0166,InTown Suites Extended Stay Denver CO - Englewood
1686,Dwarka,IN,83.53,overcast clouds,22.2394,68.9678,Hotel Narayan Avezika Comfort
1687,Lewistown,US,84.9,few clouds,40.5992,-77.5714,Quality Inn & Suites
1689,Zhanaozen,KZ,76.64,broken clouds,43.3,52.8,K.korabay 28A
1692,Morelia,MX,76.14,broken clouds,19.7008,-101.1844,"Hotel Alameda Morelia, Centro Hist√≥rico"
1694,Alexandria,EG,79.11,clear sky,31.2156,29.9553,Royal Crown Hotel
1696,Shirgaon,IN,80.13,overcast clouds,19.7,72.7,"Samarth Krupa Farm, Palghar"
1697,Banff,CA,84.92,scattered clouds,51.1762,-115.5698,Banff Aspen Lodge
1699,Owensboro,US,88.02,few clouds,37.7742,-87.1133,Courtyard by Marriott Owensboro
1703,Westport,US,87.06,clear sky,41.1415,-73.3579,The Westport Inn
1705,Gudari,IN,76.95,overcast clouds,19.35,83.7833,Hotel maa majhigouri
1709,Hatillo,PR,82.96,broken clouds,18.4863,-66.8254,Hotel Parador El Buen Cafe
1710,Xiaoshi,CN,78.82,overcast clouds,41.2971,124.1209,Junsheng Fengweilou Farmstay
1711,Bonfim,BR,78.1,overcast clouds,3.0833,-59.95,
1716,Cartagena,CO,85.62,few clouds,10.3997,-75.5144,Hotel Colombia Real - Cartagena
1717,Pucallpa,PE,89.64,few clouds,-8.3791,-74.5539,Hospedaje Komby
1722,Zaraza,VE,80.58,broken clouds,9.3503,-65.3245,Hotel Zaraza
1728,Wenling,CN,80.55,broken clouds,28.3669,121.36,Hanting Express Wenling Wanchang North Road
1730,Yatou,CN,76.46,light rain,37.15,122.3833,GreenTree Hotel Rongcheng Bus Station
1731,Oshawa,CA,84.92,few clouds,43.9001,-78.8496,Travelodge by Wyndham Oshawa Whitby
1732,Manbij,SY,83.17,clear sky,36.5281,37.9549,Manbej City Hotel
1733,San Javier,ES,75.97,clear sky,37.8063,-0.8374,Hotel Mar Menor
1736,Abnub,EG,84.56,few clouds,27.2696,31.1511,Romany Adly Gad
1739,Luganville,VU,79.34,overcast clouds,-15.5333,167.1667,The Espiritu Hotel
1740,Tambacounda,SN,86.05,clear sky,13.7539,-13.7586,
1743,Villa Bruzual,VE,78.15,broken clouds,9.3328,-69.1208,Edificio Guarente
1747,Saint Augustine,US,88.25,clear sky,29.8947,-81.3145,St. George Inn
1748,Pascagoula,US,88.41,scattered clouds,30.3658,-88.5561,Regency Inn
1752,Lardos,GR,83.95,clear sky,36.0942,28.0157,Lindos Princess Beach Hotel
1754,Salur,IN,76.86,overcast clouds,18.5333,83.2167,Pradeep
1756,Melfort,CA,80.56,scattered clouds,52.8667,-104.6177,Carra Valla Inn
1758,Phan Thiet,VN,76.69,moderate rain,10.9333,108.1,Hotel Saigon-PT
1764,Burdur,TR,75.72,clear sky,37.7203,30.2908,Alya Hotel
1765,Da Nang,VN,80.65,few clouds,16.0678,108.2208,Sun River Hotel
1766,Steamboat Springs,US,78.73,clear sky,40.485,-106.8317,Steamboat Grand
1767,Bartica,GY,82.72,overcast clouds,6.4,-58.6167,Sloth Island Nature Resort
1770,Rodrigues Alves,BR,88.0,scattered clouds,-7.738,-72.6509,Pousada Aconchego
1774,Caracoli,CO,76.98,broken clouds,6.4119,-74.7606,Casafinca JM
1776,Kaka,TM,81.95,broken clouds,37.3482,59.6143,
1778,Corinto,GR,87.69,clear sky,37.9407,22.9573,Ephira Hotel
1782,Taitung,TW,79.07,broken clouds,22.7583,121.1444,Taitung Bali Suites Hotel
1783,Alim,PH,81.03,broken clouds,9.5649,122.4876,Calamai Tropica
1785,Haldia,IN,82.13,broken clouds,22.0605,88.1097,Prayag Balaji Hotel
1788,Key Biscayne,US,87.82,overcast clouds,25.6937,-80.1628,"The Ritz-Carlton Key Biscayne, Miami"
1791,Esterhazy,CA,77.43,broken clouds,50.65,-102.0843,Canalta Hotel Esterhazy
1792,Haikou,CN,78.93,clear sky,20.0458,110.3417,Sun City Restaurant
1798,Ajdabiya,LY,79.92,clear sky,30.7554,20.2263,Almadina Hotel
1799,Marienburg,PL,76.66,moderate rain,54.0359,19.0266,Hotel Centrum Malbork
1801,Kandrian,PG,81.66,light rain,-6.2167,149.55,Kandrian Station
1802,Haicheng,CN,75.81,moderate rain,40.8516,122.7475,Haicheng Grand Hotel
1805,Surman,LY,78.66,broken clouds,32.7567,12.5716,ÿπŸÖÿßÿ±ÿ© ÿßŸÑÿ≥ŸÅŸäÿ±
1808,Dangriga,BZ,85.96,overcast clouds,16.9692,-88.2321,Chaleanor Hotel
1809,Dongsheng,CN,78.62,broken clouds,39.8161,109.9776,Crowne Plaza Ordos
1810,Kita,ML,76.33,light rain,13.0349,-9.4895,H√¥tel Chat Rouge
1814,Uruzgan,AF,75.04,clear sky,32.8333,66.0,
1815,Palizada,MX,78.93,broken clouds,18.25,-92.0833,Hotel San Joaqu√≠n
1816,Mahibadhoo,MV,81.59,overcast clouds,3.7833,72.9667,Omadhoo Inn
1817,Tarandacuao,MX,75.72,broken clouds,20.0,-100.5333,Hotel Colosio
1818,Sanmenxia,CN,77.43,broken clouds,34.7747,111.1814,Pengzhou Hotel
1820,Anjiang,CN,79.25,broken clouds,27.3194,110.1031,Dahua Hotel
1823,Bousse,BF,78.37,overcast clouds,12.6606,-1.8922,Maison d'h√¥tes EBEN-EZER DE BOUSSE
1825,Gizo,SB,84.16,overcast clouds,-8.103,156.8419,Imagination Island
1832,Iwaki,JP,78.76,overcast clouds,37.05,140.8833,Toyoko Inn Iwaki Ekimae
1835,Grand Forks,US,80.53,smoke,47.9417,-97.4337,Warrior Inn
1837,Scottsbluff,US,78.82,few clouds,41.8666,-103.6672,Hampton Inn & Suites Scottsbluff-Conference Center
1838,Oum Hadjer,TD,85.35,overcast clouds,13.2954,19.6966,
1839,Esteli,NI,82.15,overcast clouds,13.0919,-86.3538,Friends & Family
1847,Portobelo,PA,81.86,overcast clouds,9.55,-79.65,Scuba Portobelo
1849,Guayaramerin,BO,81.1,few clouds,-10.8368,-65.3614,Hostal Funf
1850,Sassandra,CI,75.02,overcast clouds,4.95,-6.0833,la terrasse
1854,Milledgeville,US,86.49,clear sky,33.0801,-83.2321,Hampton Inn Milledgeville
1857,Wagar,SD,82.74,broken clouds,16.1525,36.2032,
1861,Shiraz,IR,81.84,few clouds,29.6036,52.5388,Kowsar Hotel
1862,Sao Miguel Do Araguaia,BR,76.23,clear sky,-13.275,-50.1628,Hotel Executivo Palace
1864,Dholka,IN,82.78,overcast clouds,22.7167,72.4667,jalalpur godhaneshwer
1865,Awjilah,LY,84.45,broken clouds,29.1081,21.2869,
1866,Chimore,BO,79.0,overcast clouds,-16.9833,-65.1333,Bichito
1867,Papayal,PE,75.49,broken clouds,-4.0761,-80.7361,
1871,La Cruz,MX,87.96,broken clouds,23.9167,-106.9,LIBERADOR DE CELULAS MADRE ADULTAS
1873,Santa Cruz Del Norte,CU,88.41,scattered clouds,23.1539,-81.9236,Felipon Pon Pon
1874,Morgan City,US,89.04,light rain,29.6994,-91.2068,Hampton Inn & Suites Morgan City
1879,Phuket,TH,83.08,moderate rain,8.0,98.25,The Surin Phuket
1882,Benjamin Constant,BR,82.53,light rain,-4.3831,-70.0311,CASA AVALIADA
1883,Lagos,NG,80.92,few clouds,6.5833,3.75,
1888,Nalut,LY,85.96,clear sky,30.3333,10.85,
1892,Aneho,TG,79.0,scattered clouds,6.2333,1.6,Hotel La Linette
1893,Padilla,CO,85.57,broken clouds,3.2204,-76.3139,La Granadina
1894,Fort-Shevchenko,KZ,78.66,clear sky,44.5086,50.263,Oasis hotel Bautino
1895,Calatagan,PH,80.49,overcast clouds,13.8833,120.65,Coral Bay Rest House
1898,Kamogata,JP,79.38,overcast clouds,34.5333,133.5833,Guest House Kominkaen
1904,Jiaojiang,CN,81.16,broken clouds,28.6803,121.4428,Jiaojiang Hotel
1907,Tubli,PH,80.78,overcast clouds,13.9318,124.1478,Maui Beach
1908,Bethel Park,US,83.52,few clouds,40.3276,-80.0395,"Crowne Plaza Suites Pittsburgh South, an IHG Hotel"
1911,San Rafael Del Sur,NI,83.37,overcast clouds,11.8485,-86.4384,Hospedaje El Chino
1913,Eydhafushi,MV,81.7,overcast clouds,5.1033,73.0708,Soneva Fushi
1922,Puri,IN,84.38,scattered clouds,19.8,85.85,OYO 1577 Hotel Shree Hari Grand
1924,Tamandare,BR,75.52,light rain,-8.7597,-35.1047,Pousada 100 Passos
1930,Chubbuck,US,89.69,clear sky,42.9208,-112.4661,Clarion Inn Pocatello
1932,Eirunepe,BR,79.63,broken clouds,-6.6603,-69.8736,Atr√°s de voc√™
1933,Sodhra,PK,82.38,smoke,32.4616,74.1823,University mehra dee
1934,Lakeside,US,88.32,haze,30.13,-81.7682,Whitey's Fish Camp
1935,Ariquemes,BR,80.56,clear sky,-9.9133,-63.0408,Hotel Sol Nascente - Ariquemes - RO
1937,Baras,PH,81.88,overcast clouds,14.5234,121.2651,D'one Resort and Restaurant
1938,Maryville,US,83.57,broken clouds,35.7565,-83.9705,"Holiday Inn Express & Suites Alcoa (Knoxville Airport), an IHG Hotel"
1939,Pombal,BR,82.78,few clouds,-6.7703,-37.8017,Pousada Shalom
1940,Fatehpur,IN,86.58,broken clouds,25.9333,80.8,Hotel Bombay Lodge
1948,Khorramshahr,IR,89.56,clear sky,30.4397,48.1664,ÿØŸÅÿ™ÿ± ŸÜŸÖÿß€åŸÜÿØ⁄Ø€å ÿ¥ÿ±⁄©ÿ™ ÿ®ÿßÿ≤ÿßÿ±€åÿßÿ®ÿßŸÜ ÿß€åÿ±ÿßŸÜ€åÿßŸÜ ÿ≤ŸÖ€åŸÜBIZ
1949,Denpasar,ID,78.46,few clouds,-8.65,115.2167,ASTON Denpasar Hotel & Convention Center
1962,Wawa,NG,78.35,light rain,9.9022,4.4192,
1964,Abonnema,NG,75.31,broken clouds,4.7084,6.7931,Corper's Lodge Obonoma
1969,Kuryk,KZ,78.22,scattered clouds,43.2,51.65,Gostinitsa Kuryk - Otel' Dlya Vsekh Kategoriy Kliyentov .
1970,Dongzhen,CN,78.49,scattered clouds,22.3797,110.9389,ËåÇÂêç‰∏≠Ê±áÊó∂Â∞öÈÖíÂ∫ó
